AdjusterID,AdjusterName,Region
1,Jason Olson,North
2,Micheal Ward,North
3,James Guzman,East
4,Jasmine Gill,South
5,Ryan Kelley,South
6,Annette Knox,South
7,Christopher Miller,North
8,Wendy Mccoy,Central
9,Ricardo Cook,North
10,Megan Johnson,Central
11,Tony Randall,West
12,Melissa Jones,North
13,Jacqueline Hall,North
14,Maria Jones,North
15,Lisa Padilla,South
16,Taylor Blevins,South
17,Curtis Tran,Central
18,Joshua Wilson,Central
19,Tammy Solomon,North
20,Dr. Jeffrey Guerrero,Central
21,Thomas Fitzgerald,South
22,Darren Green,Central
23,Jesse Robertson,West
24,Melinda Moody,South
25,Rebecca Ayala,West
26,Megan Salinas,Central
27,Andrea Mata,East
28,Kimberly Jennings,North
29,Jamie Sanchez,South
30,Kayla Cox,West
31,Jennifer Potter,East
32,Michelle Hale,East
33,Brian Marshall,South
34,Mrs. Donna Hall,South
35,Dr. Frederick Thomas,East
36,Robert Johnson Jr.,North
37,Cristina Weiss,North
38,Stephen Wilson,West
39,Fred Glenn,North
40,Xavier George,East
41,Nichole Hill,East
42,Dean Richardson,Central
43,Kimberly Miranda,East
44,Andrea Turner,North
45,Samantha Cohen,West
46,Christopher Johnson,Central
47,Joseph Myers,North
48,Carol Martin,West
49,Kimberly Daugherty,North
50,Eric Taylor,Central
